image_path,label
/Users/ignatio27/unik/fish_classification/data/goldfish/goldfish_119.jpg,Goldfish
/Users/ignatio27/unik/fish_classification/data/pike/pike_038.jpg,Pike
/Users/ignatio27/unik/fish_classification/data/zander/zander_056.jpg,Zander
/Users/ignatio27/unik/fish_classification/data/pike/pike_086.jpg,Pike
/Users/ignatio27/unik/fish_classification/data/goldfish/goldfish_179.jpg,Goldfish
/Users/ignatio27/unik/fish_classification/data/pike/pike_098.jpg,Pike
/Users/ignatio27/unik/fish_classification/data/smelt/smelt_215.jpg,Smelt
/Users/ignatio27/unik/fish_classification/data/perch/perch_173.jpg,Perch
/Users/ignatio27/unik/fish_classification/data/zander/zander_241.jpg,Zander
/Users/ignatio27/unik/fish_classification/data/smelt/smelt_098.jpg,Smelt
/Users/ignatio27/unik/fish_classification/data/pike/pike_246.jpg,Pike
/Users/ignatio27/unik/fish_classification/data/smelt/smelt_029.jpg,Smelt
/Users/ignatio27/unik/fish_classification/data/pike/pike_019.jpg,Pike
/Users/ignatio27/unik/fish_classification/data/perch/perch_012.jpg,Perch
/Users/ignatio27/unik/fish_classification/data/pike/pike_183.jpg,Pike
/Users/ignatio27/unik/fish_classification/data/perch/perch_238.jpg,Perch
/Users/ignatio27/unik/fish_classification/data/pike/pike_195.jpg,Pike
/Users/ignatio27/unik/fish_classification/data/goldfish/goldfish_206.jpg,Goldfish
/Users/ignatio27/unik/fish_classification/data/smelt/smelt_086.jpg,Smelt
/Users/ignatio27/unik/fish_classification/data/goldfish/goldfish_091.jpg,Goldfish
/Users/ignatio27/unik/fish_classification/data/perch/perch_130.jpg,Perch
/Users/ignatio27/unik/fish_classification/data/perch/perch_125.jpg,Perch
/Users/ignatio27/unik/fish_classification/data/pike/pike_154.jpg,Pike
/Users/ignatio27/unik/fish_classification/data/zander/zander_143.jpg,Zander
/Users/ignatio27/unik/fish_classification/data/perch/perch_056.jpg,Perch
/Users/ignatio27/unik/fish_classification/data/perch/perch_219.jpg,Perch
/Users/ignatio27/unik/fish_classification/data/goldfish/goldfish_245.jpg,Goldfish
/Users/ignatio27/unik/fish_classification/data/perch/perch_203.jpg,Perch
/Users/ignatio27/unik/fish_classification/data/zander/zander_165.jpg,Zander
/Users/ignatio27/unik/fish_classification/data/smelt/smelt_204.jpg,Smelt
/Users/ignatio27/unik/fish_classification/data/goldfish/goldfish_178.jpg,Goldfish
/Users/ignatio27/unik/fish_classification/data/smelt/smelt_041.jpg,Smelt
/Users/ignatio27/unik/fish_classification/data/zander/zander_003.jpg,Zander
/Users/ignatio27/unik/fish_classification/data/goldfish/goldfish_035.jpg,Goldfish
/Users/ignatio27/unik/fish_classification/data/zander/zander_107.jpg,Zander
/Users/ignatio27/unik/fish_classification/data/smelt/smelt_210.jpg,Smelt
/Users/ignatio27/unik/fish_classification/data/smelt/smelt_225.jpg,Smelt
/Users/ignatio27/unik/fish_classification/data/goldfish/goldfish_295.jpg,Goldfish
/Users/ignatio27/unik/fish_classification/data/goldfish/goldfish_022.jpg,Goldfish
/Users/ignatio27/unik/fish_classification/data/zander/zander_104.jpg,Zander
/Users/ignatio27/unik/fish_classification/data/zander/zander_052.jpg,Zander
/Users/ignatio27/unik/fish_classification/data/pike/pike_112.jpg,Pike
/Users/ignatio27/unik/fish_classification/data/perch/perch_290.jpg,Perch
/Users/ignatio27/unik/fish_classification/data/pike/pike_201.jpg,Pike
/Users/ignatio27/unik/fish_classification/data/zander/zander_030.jpg,Zander
/Users/ignatio27/unik/fish_classification/data/zander/zander_198.jpg,Zander
/Users/ignatio27/unik/fish_classification/data/pike/pike_110.jpg,Pike
/Users/ignatio27/unik/fish_classification/data/pike/pike_037.jpg,Pike
/Users/ignatio27/unik/fish_classification/data/pike/pike_247.jpg,Pike
/Users/ignatio27/unik/fish_classification/data/smelt/smelt_135.jpg,Smelt
/Users/ignatio27/unik/fish_classification/data/zander/zander_174.jpg,Zander
/Users/ignatio27/unik/fish_classification/data/perch/perch_049.jpg,Perch
/Users/ignatio27/unik/fish_classification/data/smelt/smelt_293.jpg,Smelt
/Users/ignatio27/unik/fish_classification/data/zander/zander_253.jpg,Zander
/Users/ignatio27/unik/fish_classification/data/goldfish/goldfish_172.jpg,Goldfish
/Users/ignatio27/unik/fish_classification/data/smelt/smelt_186.jpg,Smelt
/Users/ignatio27/unik/fish_classification/data/smelt/smelt_107.jpg,Smelt
/Users/ignatio27/unik/fish_classification/data/zander/zander_223.jpg,Zander
/Users/ignatio27/unik/fish_classification/data/goldfish/goldfish_087.jpg,Goldfish
/Users/ignatio27/unik/fish_classification/data/goldfish/goldfish_242.jpg,Goldfish
/Users/ignatio27/unik/fish_classification/data/goldfish/goldfish_275.jpg,Goldfish
/Users/ignatio27/unik/fish_classification/data/pike/pike_048.jpg,Pike
/Users/ignatio27/unik/fish_classification/data/perch/perch_278.jpg,Perch
/Users/ignatio27/unik/fish_classification/data/smelt/smelt_140.jpg,Smelt
/Users/ignatio27/unik/fish_classification/data/zander/zander_068.jpg,Zander
/Users/ignatio27/unik/fish_classification/data/smelt/smelt_072.jpg,Smelt
/Users/ignatio27/unik/fish_classification/data/zander/zander_055.jpg,Zander
/Users/ignatio27/unik/fish_classification/data/perch/perch_018.jpg,Perch
/Users/ignatio27/unik/fish_classification/data/smelt/smelt_148.jpg,Smelt
/Users/ignatio27/unik/fish_classification/data/smelt/smelt_149.jpg,Smelt
/Users/ignatio27/unik/fish_classification/data/zander/zander_036.jpg,Zander
/Users/ignatio27/unik/fish_classification/data/pike/pike_197.jpg,Pike
/Users/ignatio27/unik/fish_classification/data/smelt/smelt_288.jpg,Smelt
/Users/ignatio27/unik/fish_classification/data/pike/pike_120.jpg,Pike
/Users/ignatio27/unik/fish_classification/data/zander/zander_196.jpg,Zander
/Users/ignatio27/unik/fish_classification/data/smelt/smelt_206.jpg,Smelt
/Users/ignatio27/unik/fish_classification/data/goldfish/goldfish_113.jpg,Goldfish
/Users/ignatio27/unik/fish_classification/data/goldfish/goldfish_133.jpg,Goldfish
/Users/ignatio27/unik/fish_classification/data/goldfish/goldfish_283.jpg,Goldfish
/Users/ignatio27/unik/fish_classification/data/smelt/smelt_028.jpg,Smelt
/Users/ignatio27/unik/fish_classification/data/pike/pike_125.jpg,Pike
/Users/ignatio27/unik/fish_classification/data/goldfish/goldfish_204.jpg,Goldfish
/Users/ignatio27/unik/fish_classification/data/perch/perch_161.jpg,Perch
/Users/ignatio27/unik/fish_classification/data/zander/zander_166.jpg,Zander
/Users/ignatio27/unik/fish_classification/data/smelt/smelt_097.jpg,Smelt
/Users/ignatio27/unik/fish_classification/data/goldfish/goldfish_109.jpg,Goldfish
/Users/ignatio27/unik/fish_classification/data/goldfish/goldfish_225.jpg,Goldfish
/Users/ignatio27/unik/fish_classification/data/smelt/smelt_127.jpg,Smelt
/Users/ignatio27/unik/fish_classification/data/perch/perch_201.jpg,Perch
/Users/ignatio27/unik/fish_classification/data/perch/perch_071.jpg,Perch
/Users/ignatio27/unik/fish_classification/data/zander/zander_233.jpg,Zander
/Users/ignatio27/unik/fish_classification/data/goldfish/goldfish_053.jpg,Goldfish
/Users/ignatio27/unik/fish_classification/data/goldfish/goldfish_073.jpg,Goldfish
/Users/ignatio27/unik/fish_classification/data/pike/pike_231.jpg,Pike
/Users/ignatio27/unik/fish_classification/data/goldfish/goldfish_266.jpg,Goldfish
/Users/ignatio27/unik/fish_classification/data/smelt/smelt_243.jpg,Smelt
/Users/ignatio27/unik/fish_classification/data/smelt/smelt_058.jpg,Smelt
/Users/ignatio27/unik/fish_classification/data/pike/pike_085.jpg,Pike
/Users/ignatio27/unik/fish_classification/data/pike/pike_209.jpg,Pike
/Users/ignatio27/unik/fish_classification/data/goldfish/goldfish_156.jpg,Goldfish
/Users/ignatio27/unik/fish_classification/data/perch/perch_200.jpg,Perch
/Users/ignatio27/unik/fish_classification/data/perch/perch_091.jpg,Perch
/Users/ignatio27/unik/fish_classification/data/zander/zander_284.jpg,Zander
/Users/ignatio27/unik/fish_classification/data/goldfish/goldfish_080.jpg,Goldfish
/Users/ignatio27/unik/fish_classification/data/goldfish/goldfish_231.jpg,Goldfish
/Users/ignatio27/unik/fish_classification/data/pike/pike_106.jpg,Pike
/Users/ignatio27/unik/fish_classification/data/goldfish/goldfish_280.jpg,Goldfish
/Users/ignatio27/unik/fish_classification/data/goldfish/goldfish_207.jpg,Goldfish
/Users/ignatio27/unik/fish_classification/data/smelt/smelt_023.jpg,Smelt
/Users/ignatio27/unik/fish_classification/data/smelt/smelt_046.jpg,Smelt
/Users/ignatio27/unik/fish_classification/data/zander/zander_026.jpg,Zander
/Users/ignatio27/unik/fish_classification/data/pike/pike_288.jpg,Pike
/Users/ignatio27/unik/fish_classification/data/perch/perch_078.jpg,Perch
/Users/ignatio27/unik/fish_classification/data/zander/zander_041.jpg,Zander
/Users/ignatio27/unik/fish_classification/data/perch/perch_223.jpg,Perch
/Users/ignatio27/unik/fish_classification/data/goldfish/goldfish_278.jpg,Goldfish
/Users/ignatio27/unik/fish_classification/data/perch/perch_121.jpg,Perch
/Users/ignatio27/unik/fish_classification/data/pike/pike_000.jpg,Pike
/Users/ignatio27/unik/fish_classification/data/perch/perch_070.jpg,Perch
/Users/ignatio27/unik/fish_classification/data/pike/pike_056.jpg,Pike
/Users/ignatio27/unik/fish_classification/data/zander/zander_234.jpg,Zander
/Users/ignatio27/unik/fish_classification/data/perch/perch_296.jpg,Perch
/Users/ignatio27/unik/fish_classification/data/smelt/smelt_273.jpg,Smelt
/Users/ignatio27/unik/fish_classification/data/goldfish/goldfish_120.jpg,Goldfish
/Users/ignatio27/unik/fish_classification/data/perch/perch_003.jpg,Perch
/Users/ignatio27/unik/fish_classification/data/smelt/smelt_240.jpg,Smelt
/Users/ignatio27/unik/fish_classification/data/pike/pike_042.jpg,Pike
/Users/ignatio27/unik/fish_classification/data/zander/zander_106.jpg,Zander
/Users/ignatio27/unik/fish_classification/data/zander/zander_117.jpg,Zander
/Users/ignatio27/unik/fish_classification/data/perch/perch_140.jpg,Perch
/Users/ignatio27/unik/fish_classification/data/zander/zander_031.jpg,Zander
/Users/ignatio27/unik/fish_classification/data/goldfish/goldfish_095.jpg,Goldfish
/Users/ignatio27/unik/fish_classification/data/pike/pike_142.jpg,Pike
/Users/ignatio27/unik/fish_classification/data/zander/zander_023.jpg,Zander
/Users/ignatio27/unik/fish_classification/data/perch/perch_025.jpg,Perch
/Users/ignatio27/unik/fish_classification/data/goldfish/goldfish_271.jpg,Goldfish
/Users/ignatio27/unik/fish_classification/data/goldfish/goldfish_098.jpg,Goldfish
/Users/ignatio27/unik/fish_classification/data/goldfish/goldfish_221.jpg,Goldfish
/Users/ignatio27/unik/fish_classification/data/zander/zander_069.jpg,Zander
/Users/ignatio27/unik/fish_classification/data/pike/pike_189.jpg,Pike
/Users/ignatio27/unik/fish_classification/data/zander/zander_075.jpg,Zander
/Users/ignatio27/unik/fish_classification/data/smelt/smelt_158.jpg,Smelt
/Users/ignatio27/unik/fish_classification/data/zander/zander_140.jpg,Zander
/Users/ignatio27/unik/fish_classification/data/zander/zander_206.jpg,Zander
/Users/ignatio27/unik/fish_classification/data/smelt/smelt_123.jpg,Smelt
/Users/ignatio27/unik/fish_classification/data/smelt/smelt_082.jpg,Smelt
/Users/ignatio27/unik/fish_classification/data/goldfish/goldfish_270.jpg,Goldfish
/Users/ignatio27/unik/fish_classification/data/goldfish/goldfish_220.jpg,Goldfish
/Users/ignatio27/unik/fish_classification/data/pike/pike_051.jpg,Pike
/Users/ignatio27/unik/fish_classification/data/smelt/smelt_298.jpg,Smelt
/Users/ignatio27/unik/fish_classification/data/pike/pike_269.jpg,Pike
/Users/ignatio27/unik/fish_classification/data/pike/pike_284.jpg,Pike
/Users/ignatio27/unik/fish_classification/data/smelt/smelt_216.jpg,Smelt
/Users/ignatio27/unik/fish_classification/data/goldfish/goldfish_166.jpg,Goldfish
/Users/ignatio27/unik/fish_classification/data/zander/zander_027.jpg,Zander
/Users/ignatio27/unik/fish_classification/data/goldfish/goldfish_152.jpg,Goldfish
/Users/ignatio27/unik/fish_classification/data/goldfish/goldfish_070.jpg,Goldfish
/Users/ignatio27/unik/fish_classification/data/goldfish/goldfish_137.jpg,Goldfish
/Users/ignatio27/unik/fish_classification/data/smelt/smelt_178.jpg,Smelt
/Users/ignatio27/unik/fish_classification/data/pike/pike_224.jpg,Pike
/Users/ignatio27/unik/fish_classification/data/goldfish/goldfish_246.jpg,Goldfish
/Users/ignatio27/unik/fish_classification/data/pike/pike_159.jpg,Pike
/Users/ignatio27/unik/fish_classification/data/perch/perch_138.jpg,Perch
/Users/ignatio27/unik/fish_classification/data/smelt/smelt_071.jpg,Smelt
/Users/ignatio27/unik/fish_classification/data/smelt/smelt_100.jpg,Smelt
/Users/ignatio27/unik/fish_classification/data/pike/pike_225.jpg,Pike
/Users/ignatio27/unik/fish_classification/data/perch/perch_143.jpg,Perch
/Users/ignatio27/unik/fish_classification/data/goldfish/goldfish_277.jpg,Goldfish
/Users/ignatio27/unik/fish_classification/data/pike/pike_223.jpg,Pike
/Users/ignatio27/unik/fish_classification/data/pike/pike_044.jpg,Pike
/Users/ignatio27/unik/fish_classification/data/pike/pike_161.jpg,Pike
/Users/ignatio27/unik/fish_classification/data/pike/pike_182.jpg,Pike
/Users/ignatio27/unik/fish_classification/data/perch/perch_094.jpg,Perch
/Users/ignatio27/unik/fish_classification/data/perch/perch_198.jpg,Perch
/Users/ignatio27/unik/fish_classification/data/zander/zander_148.jpg,Zander
/Users/ignatio27/unik/fish_classification/data/perch/perch_182.jpg,Perch
/Users/ignatio27/unik/fish_classification/data/smelt/smelt_099.jpg,Smelt
/Users/ignatio27/unik/fish_classification/data/zander/zander_191.jpg,Zander
/Users/ignatio27/unik/fish_classification/data/zander/zander_137.jpg,Zander
/Users/ignatio27/unik/fish_classification/data/smelt/smelt_199.jpg,Smelt
/Users/ignatio27/unik/fish_classification/data/goldfish/goldfish_104.jpg,Goldfish
/Users/ignatio27/unik/fish_classification/data/goldfish/goldfish_202.jpg,Goldfish
/Users/ignatio27/unik/fish_classification/data/goldfish/goldfish_027.jpg,Goldfish
/Users/ignatio27/unik/fish_classification/data/pike/pike_261.jpg,Pike
/Users/ignatio27/unik/fish_classification/data/perch/perch_275.jpg,Perch
/Users/ignatio27/unik/fish_classification/data/zander/zander_044.jpg,Zander
/Users/ignatio27/unik/fish_classification/data/zander/zander_049.jpg,Zander
/Users/ignatio27/unik/fish_classification/data/zander/zander_053.jpg,Zander
/Users/ignatio27/unik/fish_classification/data/pike/pike_216.jpg,Pike
/Users/ignatio27/unik/fish_classification/data/pike/pike_081.jpg,Pike
/Users/ignatio27/unik/fish_classification/data/smelt/smelt_151.jpg,Smelt
/Users/ignatio27/unik/fish_classification/data/perch/perch_102.jpg,Perch
/Users/ignatio27/unik/fish_classification/data/perch/perch_257.jpg,Perch
/Users/ignatio27/unik/fish_classification/data/perch/perch_041.jpg,Perch
/Users/ignatio27/unik/fish_classification/data/goldfish/goldfish_180.jpg,Goldfish
/Users/ignatio27/unik/fish_classification/data/goldfish/goldfish_025.jpg,Goldfish
/Users/ignatio27/unik/fish_classification/data/smelt/smelt_126.jpg,Smelt
/Users/ignatio27/unik/fish_classification/data/zander/zander_277.jpg,Zander
/Users/ignatio27/unik/fish_classification/data/zander/zander_108.jpg,Zander
/Users/ignatio27/unik/fish_classification/data/zander/zander_078.jpg,Zander
/Users/ignatio27/unik/fish_classification/data/zander/zander_248.jpg,Zander
/Users/ignatio27/unik/fish_classification/data/smelt/smelt_122.jpg,Smelt
/Users/ignatio27/unik/fish_classification/data/smelt/smelt_146.jpg,Smelt
/Users/ignatio27/unik/fish_classification/data/goldfish/goldfish_049.jpg,Goldfish
/Users/ignatio27/unik/fish_classification/data/perch/perch_264.jpg,Perch
/Users/ignatio27/unik/fish_classification/data/zander/zander_257.jpg,Zander
/Users/ignatio27/unik/fish_classification/data/zander/zander_218.jpg,Zander
/Users/ignatio27/unik/fish_classification/data/perch/perch_166.jpg,Perch
/Users/ignatio27/unik/fish_classification/data/smelt/smelt_191.jpg,Smelt
/Users/ignatio27/unik/fish_classification/data/goldfish/goldfish_002.jpg,Goldfish
/Users/ignatio27/unik/fish_classification/data/smelt/smelt_113.jpg,Smelt
/Users/ignatio27/unik/fish_classification/data/pike/pike_199.jpg,Pike
/Users/ignatio27/unik/fish_classification/data/smelt/smelt_170.jpg,Smelt
/Users/ignatio27/unik/fish_classification/data/pike/pike_275.jpg,Pike
/Users/ignatio27/unik/fish_classification/data/perch/perch_274.jpg,Perch
/Users/ignatio27/unik/fish_classification/data/perch/perch_047.jpg,Perch
/Users/ignatio27/unik/fish_classification/data/pike/pike_073.jpg,Pike
/Users/ignatio27/unik/fish_classification/data/goldfish/goldfish_020.jpg,Goldfish
/Users/ignatio27/unik/fish_classification/data/perch/perch_021.jpg,Perch
/Users/ignatio27/unik/fish_classification/data/perch/perch_157.jpg,Perch
/Users/ignatio27/unik/fish_classification/data/pike/pike_144.jpg,Pike
/Users/ignatio27/unik/fish_classification/data/smelt/smelt_045.jpg,Smelt
/Users/ignatio27/unik/fish_classification/data/pike/pike_227.jpg,Pike
/Users/ignatio27/unik/fish_classification/data/smelt/smelt_255.jpg,Smelt
/Users/ignatio27/unik/fish_classification/data/pike/pike_139.jpg,Pike
/Users/ignatio27/unik/fish_classification/data/zander/zander_059.jpg,Zander
/Users/ignatio27/unik/fish_classification/data/goldfish/goldfish_255.jpg,Goldfish
/Users/ignatio27/unik/fish_classification/data/smelt/smelt_076.jpg,Smelt
/Users/ignatio27/unik/fish_classification/data/goldfish/goldfish_175.jpg,Goldfish
/Users/ignatio27/unik/fish_classification/data/pike/pike_017.jpg,Pike
/Users/ignatio27/unik/fish_classification/data/zander/zander_249.jpg,Zander
/Users/ignatio27/unik/fish_classification/data/pike/pike_010.jpg,Pike
/Users/ignatio27/unik/fish_classification/data/pike/pike_237.jpg,Pike
/Users/ignatio27/unik/fish_classification/data/pike/pike_165.jpg,Pike
/Users/ignatio27/unik/fish_classification/data/perch/perch_106.jpg,Perch
/Users/ignatio27/unik/fish_classification/data/zander/zander_215.jpg,Zander
/Users/ignatio27/unik/fish_classification/data/smelt/smelt_258.jpg,Smelt
/Users/ignatio27/unik/fish_classification/data/pike/pike_028.jpg,Pike
/Users/ignatio27/unik/fish_classification/data/perch/perch_059.jpg,Perch
/Users/ignatio27/unik/fish_classification/data/pike/pike_016.jpg,Pike
/Users/ignatio27/unik/fish_classification/data/perch/perch_298.jpg,Perch
/Users/ignatio27/unik/fish_classification/data/perch/perch_117.jpg,Perch
/Users/ignatio27/unik/fish_classification/data/goldfish/goldfish_127.jpg,Goldfish
/Users/ignatio27/unik/fish_classification/data/smelt/smelt_050.jpg,Smelt
/Users/ignatio27/unik/fish_classification/data/zander/zander_092.jpg,Zander
/Users/ignatio27/unik/fish_classification/data/smelt/smelt_033.jpg,Smelt
/Users/ignatio27/unik/fish_classification/data/goldfish/goldfish_006.jpg,Goldfish
/Users/ignatio27/unik/fish_classification/data/smelt/smelt_010.jpg,Smelt
/Users/ignatio27/unik/fish_classification/data/pike/pike_230.jpg,Pike
/Users/ignatio27/unik/fish_classification/data/goldfish/goldfish_090.jpg,Goldfish
/Users/ignatio27/unik/fish_classification/data/pike/pike_099.jpg,Pike
/Users/ignatio27/unik/fish_classification/data/zander/zander_042.jpg,Zander
/Users/ignatio27/unik/fish_classification/data/smelt/smelt_104.jpg,Smelt
/Users/ignatio27/unik/fish_classification/data/smelt/smelt_004.jpg,Smelt
/Users/ignatio27/unik/fish_classification/data/pike/pike_208.jpg,Pike
/Users/ignatio27/unik/fish_classification/data/goldfish/goldfish_115.jpg,Goldfish
/Users/ignatio27/unik/fish_classification/data/goldfish/goldfish_233.jpg,Goldfish
/Users/ignatio27/unik/fish_classification/data/perch/perch_256.jpg,Perch
/Users/ignatio27/unik/fish_classification/data/perch/perch_187.jpg,Perch
/Users/ignatio27/unik/fish_classification/data/pike/pike_054.jpg,Pike
/Users/ignatio27/unik/fish_classification/data/perch/perch_224.jpg,Perch
/Users/ignatio27/unik/fish_classification/data/pike/pike_059.jpg,Pike
/Users/ignatio27/unik/fish_classification/data/pike/pike_219.jpg,Pike
/Users/ignatio27/unik/fish_classification/data/goldfish/goldfish_226.jpg,Goldfish
/Users/ignatio27/unik/fish_classification/data/smelt/smelt_282.jpg,Smelt
/Users/ignatio27/unik/fish_classification/data/zander/zander_244.jpg,Zander
/Users/ignatio27/unik/fish_classification/data/pike/pike_136.jpg,Pike
/Users/ignatio27/unik/fish_classification/data/smelt/smelt_169.jpg,Smelt
/Users/ignatio27/unik/fish_classification/data/pike/pike_249.jpg,Pike
/Users/ignatio27/unik/fish_classification/data/zander/zander_283.jpg,Zander
/Users/ignatio27/unik/fish_classification/data/zander/zander_158.jpg,Zander
/Users/ignatio27/unik/fish_classification/data/perch/perch_095.jpg,Perch
/Users/ignatio27/unik/fish_classification/data/smelt/smelt_070.jpg,Smelt
/Users/ignatio27/unik/fish_classification/data/zander/zander_245.jpg,Zander
/Users/ignatio27/unik/fish_classification/data/goldfish/goldfish_036.jpg,Goldfish
/Users/ignatio27/unik/fish_classification/data/zander/zander_296.jpg,Zander
/Users/ignatio27/unik/fish_classification/data/smelt/smelt_047.jpg,Smelt
/Users/ignatio27/unik/fish_classification/data/goldfish/goldfish_290.jpg,Goldfish
/Users/ignatio27/unik/fish_classification/data/pike/pike_006.jpg,Pike
/Users/ignatio27/unik/fish_classification/data/pike/pike_074.jpg,Pike
/Users/ignatio27/unik/fish_classification/data/perch/perch_087.jpg,Perch
/Users/ignatio27/unik/fish_classification/data/pike/pike_184.jpg,Pike
/Users/ignatio27/unik/fish_classification/data/pike/pike_024.jpg,Pike
/Users/ignatio27/unik/fish_classification/data/goldfish/goldfish_081.jpg,Goldfish
/Users/ignatio27/unik/fish_classification/data/smelt/smelt_016.jpg,Smelt
/Users/ignatio27/unik/fish_classification/data/smelt/smelt_015.jpg,Smelt
/Users/ignatio27/unik/fish_classification/data/pike/pike_145.jpg,Pike
/Users/ignatio27/unik/fish_classification/data/perch/perch_005.jpg,Perch
/Users/ignatio27/unik/fish_classification/data/smelt/smelt_037.jpg,Smelt
/Users/ignatio27/unik/fish_classification/data/smelt/smelt_005.jpg,Smelt
/Users/ignatio27/unik/fish_classification/data/pike/pike_109.jpg,Pike
/Users/ignatio27/unik/fish_classification/data/smelt/smelt_090.jpg,Smelt
/Users/ignatio27/unik/fish_classification/data/zander/zander_047.jpg,Zander
/Users/ignatio27/unik/fish_classification/data/perch/perch_283.jpg,Perch
/Users/ignatio27/unik/fish_classification/data/smelt/smelt_172.jpg,Smelt
/Users/ignatio27/unik/fish_classification/data/goldfish/goldfish_249.jpg,Goldfish
/Users/ignatio27/unik/fish_classification/data/zander/zander_183.jpg,Zander
/Users/ignatio27/unik/fish_classification/data/perch/perch_169.jpg,Perch
/Users/ignatio27/unik/fish_classification/data/perch/perch_068.jpg,Perch
/Users/ignatio27/unik/fish_classification/data/perch/perch_194.jpg,Perch
/Users/ignatio27/unik/fish_classification/data/smelt/smelt_080.jpg,Smelt
/Users/ignatio27/unik/fish_classification/data/zander/zander_193.jpg,Zander
/Users/ignatio27/unik/fish_classification/data/goldfish/goldfish_238.jpg,Goldfish
/Users/ignatio27/unik/fish_classification/data/pike/pike_163.jpg,Pike
/Users/ignatio27/unik/fish_classification/data/goldfish/goldfish_299.jpg,Goldfish
/Users/ignatio27/unik/fish_classification/data/perch/perch_134.jpg,Perch
/Users/ignatio27/unik/fish_classification/data/goldfish/goldfish_279.jpg,Goldfish
/Users/ignatio27/unik/fish_classification/data/perch/perch_159.jpg,Perch
/Users/ignatio27/unik/fish_classification/data/smelt/smelt_182.jpg,Smelt
/Users/ignatio27/unik/fish_classification/data/smelt/smelt_252.jpg,Smelt
/Users/ignatio27/unik/fish_classification/data/pike/pike_250.jpg,Pike
/Users/ignatio27/unik/fish_classification/data/pike/pike_239.jpg,Pike
/Users/ignatio27/unik/fish_classification/data/goldfish/goldfish_092.jpg,Goldfish
/Users/ignatio27/unik/fish_classification/data/pike/pike_005.jpg,Pike
/Users/ignatio27/unik/fish_classification/data/smelt/smelt_176.jpg,Smelt
/Users/ignatio27/unik/fish_classification/data/perch/perch_294.jpg,Perch
/Users/ignatio27/unik/fish_classification/data/zander/zander_057.jpg,Zander
/Users/ignatio27/unik/fish_classification/data/goldfish/goldfish_195.jpg,Goldfish
/Users/ignatio27/unik/fish_classification/data/pike/pike_140.jpg,Pike
/Users/ignatio27/unik/fish_classification/data/smelt/smelt_032.jpg,Smelt
/Users/ignatio27/unik/fish_classification/data/smelt/smelt_264.jpg,Smelt
/Users/ignatio27/unik/fish_classification/data/pike/pike_168.jpg,Pike
/Users/ignatio27/unik/fish_classification/data/perch/perch_172.jpg,Perch
/Users/ignatio27/unik/fish_classification/data/perch/perch_288.jpg,Perch
/Users/ignatio27/unik/fish_classification/data/goldfish/goldfish_208.jpg,Goldfish
/Users/ignatio27/unik/fish_classification/data/perch/perch_188.jpg,Perch
/Users/ignatio27/unik/fish_classification/data/smelt/smelt_035.jpg,Smelt
/Users/ignatio27/unik/fish_classification/data/perch/perch_132.jpg,Perch
/Users/ignatio27/unik/fish_classification/data/pike/pike_222.jpg,Pike
/Users/ignatio27/unik/fish_classification/data/pike/pike_068.jpg,Pike
/Users/ignatio27/unik/fish_classification/data/smelt/smelt_277.jpg,Smelt
/Users/ignatio27/unik/fish_classification/data/perch/perch_042.jpg,Perch
/Users/ignatio27/unik/fish_classification/data/pike/pike_242.jpg,Pike
/Users/ignatio27/unik/fish_classification/data/goldfish/goldfish_194.jpg,Goldfish
/Users/ignatio27/unik/fish_classification/data/perch/perch_204.jpg,Perch
/Users/ignatio27/unik/fish_classification/data/smelt/smelt_030.jpg,Smelt
/Users/ignatio27/unik/fish_classification/data/perch/perch_279.jpg,Perch
/Users/ignatio27/unik/fish_classification/data/zander/zander_182.jpg,Zander
/Users/ignatio27/unik/fish_classification/data/goldfish/goldfish_213.jpg,Goldfish
/Users/ignatio27/unik/fish_classification/data/zander/zander_133.jpg,Zander
/Users/ignatio27/unik/fish_classification/data/smelt/smelt_049.jpg,Smelt
/Users/ignatio27/unik/fish_classification/data/pike/pike_256.jpg,Pike
/Users/ignatio27/unik/fish_classification/data/pike/pike_296.jpg,Pike
/Users/ignatio27/unik/fish_classification/data/pike/pike_097.jpg,Pike
/Users/ignatio27/unik/fish_classification/data/smelt/smelt_139.jpg,Smelt
/Users/ignatio27/unik/fish_classification/data/zander/zander_151.jpg,Zander
/Users/ignatio27/unik/fish_classification/data/perch/perch_189.jpg,Perch
/Users/ignatio27/unik/fish_classification/data/pike/pike_065.jpg,Pike
/Users/ignatio27/unik/fish_classification/data/goldfish/goldfish_198.jpg,Goldfish
/Users/ignatio27/unik/fish_classification/data/goldfish/goldfish_209.jpg,Goldfish
/Users/ignatio27/unik/fish_classification/data/smelt/smelt_181.jpg,Smelt
/Users/ignatio27/unik/fish_classification/data/zander/zander_113.jpg,Zander
/Users/ignatio27/unik/fish_classification/data/pike/pike_103.jpg,Pike
/Users/ignatio27/unik/fish_classification/data/smelt/smelt_247.jpg,Smelt
/Users/ignatio27/unik/fish_classification/data/goldfish/goldfish_171.jpg,Goldfish
/Users/ignatio27/unik/fish_classification/data/goldfish/goldfish_065.jpg,Goldfish
/Users/ignatio27/unik/fish_classification/data/pike/pike_162.jpg,Pike
/Users/ignatio27/unik/fish_classification/data/smelt/smelt_280.jpg,Smelt
/Users/ignatio27/unik/fish_classification/data/zander/zander_065.jpg,Zander
/Users/ignatio27/unik/fish_classification/data/pike/pike_101.jpg,Pike
/Users/ignatio27/unik/fish_classification/data/smelt/smelt_259.jpg,Smelt
/Users/ignatio27/unik/fish_classification/data/pike/pike_255.jpg,Pike
/Users/ignatio27/unik/fish_classification/data/pike/pike_041.jpg,Pike
/Users/ignatio27/unik/fish_classification/data/smelt/smelt_190.jpg,Smelt
/Users/ignatio27/unik/fish_classification/data/goldfish/goldfish_101.jpg,Goldfish
/Users/ignatio27/unik/fish_classification/data/zander/zander_035.jpg,Zander
/Users/ignatio27/unik/fish_classification/data/pike/pike_130.jpg,Pike
/Users/ignatio27/unik/fish_classification/data/goldfish/goldfish_203.jpg,Goldfish
/Users/ignatio27/unik/fish_classification/data/goldfish/goldfish_282.jpg,Goldfish
/Users/ignatio27/unik/fish_classification/data/smelt/smelt_228.jpg,Smelt
/Users/ignatio27/unik/fish_classification/data/smelt/smelt_136.jpg,Smelt
/Users/ignatio27/unik/fish_classification/data/pike/pike_146.jpg,Pike
/Users/ignatio27/unik/fish_classification/data/pike/pike_061.jpg,Pike
/Users/ignatio27/unik/fish_classification/data/goldfish/goldfish_131.jpg,Goldfish
/Users/ignatio27/unik/fish_classification/data/goldfish/goldfish_134.jpg,Goldfish
/Users/ignatio27/unik/fish_classification/data/pike/pike_083.jpg,Pike
/Users/ignatio27/unik/fish_classification/data/perch/perch_155.jpg,Perch
/Users/ignatio27/unik/fish_classification/data/pike/pike_270.jpg,Pike
/Users/ignatio27/unik/fish_classification/data/goldfish/goldfish_003.jpg,Goldfish
/Users/ignatio27/unik/fish_classification/data/smelt/smelt_296.jpg,Smelt
/Users/ignatio27/unik/fish_classification/data/smelt/smelt_134.jpg,Smelt
/Users/ignatio27/unik/fish_classification/data/smelt/smelt_211.jpg,Smelt
/Users/ignatio27/unik/fish_classification/data/zander/zander_141.jpg,Zander
/Users/ignatio27/unik/fish_classification/data/goldfish/goldfish_019.jpg,Goldfish
/Users/ignatio27/unik/fish_classification/data/zander/zander_074.jpg,Zander
/Users/ignatio27/unik/fish_classification/data/smelt/smelt_069.jpg,Smelt
/Users/ignatio27/unik/fish_classification/data/pike/pike_063.jpg,Pike
/Users/ignatio27/unik/fish_classification/data/pike/pike_066.jpg,Pike
/Users/ignatio27/unik/fish_classification/data/smelt/smelt_111.jpg,Smelt
/Users/ignatio27/unik/fish_classification/data/goldfish/goldfish_263.jpg,Goldfish
/Users/ignatio27/unik/fish_classification/data/pike/pike_235.jpg,Pike
/Users/ignatio27/unik/fish_classification/data/smelt/smelt_217.jpg,Smelt
/Users/ignatio27/unik/fish_classification/data/pike/pike_012.jpg,Pike
/Users/ignatio27/unik/fish_classification/data/goldfish/goldfish_297.jpg,Goldfish
/Users/ignatio27/unik/fish_classification/data/pike/pike_200.jpg,Pike
/Users/ignatio27/unik/fish_classification/data/pike/pike_090.jpg,Pike
/Users/ignatio27/unik/fish_classification/data/pike/pike_188.jpg,Pike
/Users/ignatio27/unik/fish_classification/data/goldfish/goldfish_086.jpg,Goldfish
/Users/ignatio27/unik/fish_classification/data/perch/perch_177.jpg,Perch
/Users/ignatio27/unik/fish_classification/data/goldfish/goldfish_044.jpg,Goldfish
/Users/ignatio27/unik/fish_classification/data/perch/perch_186.jpg,Perch
/Users/ignatio27/unik/fish_classification/data/goldfish/goldfish_132.jpg,Goldfish
/Users/ignatio27/unik/fish_classification/data/perch/perch_119.jpg,Perch
/Users/ignatio27/unik/fish_classification/data/smelt/smelt_200.jpg,Smelt
/Users/ignatio27/unik/fish_classification/data/zander/zander_136.jpg,Zander
/Users/ignatio27/unik/fish_classification/data/perch/perch_032.jpg,Perch
/Users/ignatio27/unik/fish_classification/data/smelt/smelt_292.jpg,Smelt
/Users/ignatio27/unik/fish_classification/data/goldfish/goldfish_029.jpg,Goldfish
/Users/ignatio27/unik/fish_classification/data/smelt/smelt_153.jpg,Smelt
/Users/ignatio27/unik/fish_classification/data/perch/perch_287.jpg,Perch
/Users/ignatio27/unik/fish_classification/data/zander/zander_033.jpg,Zander
/Users/ignatio27/unik/fish_classification/data/goldfish/goldfish_201.jpg,Goldfish
/Users/ignatio27/unik/fish_classification/data/pike/pike_176.jpg,Pike
/Users/ignatio27/unik/fish_classification/data/pike/pike_045.jpg,Pike
/Users/ignatio27/unik/fish_classification/data/zander/zander_121.jpg,Zander
/Users/ignatio27/unik/fish_classification/data/goldfish/goldfish_008.jpg,Goldfish
/Users/ignatio27/unik/fish_classification/data/goldfish/goldfish_138.jpg,Goldfish
/Users/ignatio27/unik/fish_classification/data/perch/perch_212.jpg,Perch
/Users/ignatio27/unik/fish_classification/data/perch/perch_174.jpg,Perch
/Users/ignatio27/unik/fish_classification/data/perch/perch_293.jpg,Perch
/Users/ignatio27/unik/fish_classification/data/smelt/smelt_198.jpg,Smelt
/Users/ignatio27/unik/fish_classification/data/smelt/smelt_236.jpg,Smelt
/Users/ignatio27/unik/fish_classification/data/goldfish/goldfish_017.jpg,Goldfish
/Users/ignatio27/unik/fish_classification/data/goldfish/goldfish_165.jpg,Goldfish
/Users/ignatio27/unik/fish_classification/data/smelt/smelt_116.jpg,Smelt
/Users/ignatio27/unik/fish_classification/data/goldfish/goldfish_054.jpg,Goldfish
/Users/ignatio27/unik/fish_classification/data/goldfish/goldfish_088.jpg,Goldfish
/Users/ignatio27/unik/fish_classification/data/zander/zander_077.jpg,Zander
/Users/ignatio27/unik/fish_classification/data/smelt/smelt_223.jpg,Smelt
/Users/ignatio27/unik/fish_classification/data/goldfish/goldfish_001.jpg,Goldfish
/Users/ignatio27/unik/fish_classification/data/goldfish/goldfish_055.jpg,Goldfish
/Users/ignatio27/unik/fish_classification/data/pike/pike_283.jpg,Pike
/Users/ignatio27/unik/fish_classification/data/pike/pike_166.jpg,Pike
/Users/ignatio27/unik/fish_classification/data/perch/perch_129.jpg,Perch
/Users/ignatio27/unik/fish_classification/data/zander/zander_006.jpg,Zander
/Users/ignatio27/unik/fish_classification/data/smelt/smelt_185.jpg,Smelt
/Users/ignatio27/unik/fish_classification/data/goldfish/goldfish_018.jpg,Goldfish
/Users/ignatio27/unik/fish_classification/data/perch/perch_120.jpg,Perch
/Users/ignatio27/unik/fish_classification/data/zander/zander_000.jpg,Zander
/Users/ignatio27/unik/fish_classification/data/smelt/smelt_219.jpg,Smelt
/Users/ignatio27/unik/fish_classification/data/perch/perch_057.jpg,Perch
/Users/ignatio27/unik/fish_classification/data/perch/perch_153.jpg,Perch
/Users/ignatio27/unik/fish_classification/data/goldfish/goldfish_188.jpg,Goldfish
/Users/ignatio27/unik/fish_classification/data/perch/perch_092.jpg,Perch
/Users/ignatio27/unik/fish_classification/data/smelt/smelt_074.jpg,Smelt
/Users/ignatio27/unik/fish_classification/data/zander/zander_046.jpg,Zander
/Users/ignatio27/unik/fish_classification/data/goldfish/goldfish_234.jpg,Goldfish
/Users/ignatio27/unik/fish_classification/data/goldfish/goldfish_111.jpg,Goldfish
/Users/ignatio27/unik/fish_classification/data/perch/perch_229.jpg,Perch
/Users/ignatio27/unik/fish_classification/data/perch/perch_162.jpg,Perch
/Users/ignatio27/unik/fish_classification/data/perch/perch_105.jpg,Perch
/Users/ignatio27/unik/fish_classification/data/zander/zander_235.jpg,Zander
/Users/ignatio27/unik/fish_classification/data/smelt/smelt_088.jpg,Smelt
/Users/ignatio27/unik/fish_classification/data/pike/pike_093.jpg,Pike
/Users/ignatio27/unik/fish_classification/data/pike/pike_164.jpg,Pike
/Users/ignatio27/unik/fish_classification/data/pike/pike_002.jpg,Pike
/Users/ignatio27/unik/fish_classification/data/perch/perch_145.jpg,Perch
/Users/ignatio27/unik/fish_classification/data/smelt/smelt_048.jpg,Smelt
/Users/ignatio27/unik/fish_classification/data/pike/pike_011.jpg,Pike
/Users/ignatio27/unik/fish_classification/data/perch/perch_231.jpg,Perch
/Users/ignatio27/unik/fish_classification/data/smelt/smelt_087.jpg,Smelt
/Users/ignatio27/unik/fish_classification/data/perch/perch_067.jpg,Perch
/Users/ignatio27/unik/fish_classification/data/zander/zander_201.jpg,Zander
/Users/ignatio27/unik/fish_classification/data/perch/perch_248.jpg,Perch
/Users/ignatio27/unik/fish_classification/data/pike/pike_092.jpg,Pike
/Users/ignatio27/unik/fish_classification/data/goldfish/goldfish_269.jpg,Goldfish
/Users/ignatio27/unik/fish_classification/data/zander/zander_066.jpg,Zander
/Users/ignatio27/unik/fish_classification/data/perch/perch_227.jpg,Perch
/Users/ignatio27/unik/fish_classification/data/perch/perch_258.jpg,Perch
/Users/ignatio27/unik/fish_classification/data/zander/zander_263.jpg,Zander
/Users/ignatio27/unik/fish_classification/data/pike/pike_157.jpg,Pike
/Users/ignatio27/unik/fish_classification/data/smelt/smelt_238.jpg,Smelt
/Users/ignatio27/unik/fish_classification/data/pike/pike_088.jpg,Pike
/Users/ignatio27/unik/fish_classification/data/pike/pike_298.jpg,Pike
/Users/ignatio27/unik/fish_classification/data/smelt/smelt_006.jpg,Smelt
/Users/ignatio27/unik/fish_classification/data/goldfish/goldfish_230.jpg,Goldfish
/Users/ignatio27/unik/fish_classification/data/perch/perch_088.jpg,Perch
/Users/ignatio27/unik/fish_classification/data/smelt/smelt_043.jpg,Smelt
/Users/ignatio27/unik/fish_classification/data/zander/zander_119.jpg,Zander
/Users/ignatio27/unik/fish_classification/data/zander/zander_058.jpg,Zander
/Users/ignatio27/unik/fish_classification/data/smelt/smelt_165.jpg,Smelt
/Users/ignatio27/unik/fish_classification/data/pike/pike_206.jpg,Pike
/Users/ignatio27/unik/fish_classification/data/zander/zander_007.jpg,Zander
/Users/ignatio27/unik/fish_classification/data/pike/pike_213.jpg,Pike
/Users/ignatio27/unik/fish_classification/data/goldfish/goldfish_011.jpg,Goldfish
/Users/ignatio27/unik/fish_classification/data/zander/zander_118.jpg,Zander
/Users/ignatio27/unik/fish_classification/data/perch/perch_123.jpg,Perch
/Users/ignatio27/unik/fish_classification/data/smelt/smelt_162.jpg,Smelt
/Users/ignatio27/unik/fish_classification/data/pike/pike_047.jpg,Pike
/Users/ignatio27/unik/fish_classification/data/perch/perch_260.jpg,Perch
/Users/ignatio27/unik/fish_classification/data/pike/pike_009.jpg,Pike
/Users/ignatio27/unik/fish_classification/data/goldfish/goldfish_012.jpg,Goldfish
/Users/ignatio27/unik/fish_classification/data/pike/pike_023.jpg,Pike
/Users/ignatio27/unik/fish_classification/data/perch/perch_299.jpg,Perch
/Users/ignatio27/unik/fish_classification/data/perch/perch_255.jpg,Perch
/Users/ignatio27/unik/fish_classification/data/zander/zander_167.jpg,Zander
/Users/ignatio27/unik/fish_classification/data/zander/zander_127.jpg,Zander
/Users/ignatio27/unik/fish_classification/data/pike/pike_003.jpg,Pike
/Users/ignatio27/unik/fish_classification/data/perch/perch_076.jpg,Perch
/Users/ignatio27/unik/fish_classification/data/zander/zander_228.jpg,Zander
/Users/ignatio27/unik/fish_classification/data/zander/zander_189.jpg,Zander
/Users/ignatio27/unik/fish_classification/data/pike/pike_082.jpg,Pike
/Users/ignatio27/unik/fish_classification/data/perch/perch_265.jpg,Perch
/Users/ignatio27/unik/fish_classification/data/pike/pike_281.jpg,Pike
/Users/ignatio27/unik/fish_classification/data/smelt/smelt_276.jpg,Smelt
/Users/ignatio27/unik/fish_classification/data/zander/zander_279.jpg,Zander
/Users/ignatio27/unik/fish_classification/data/perch/perch_141.jpg,Perch
/Users/ignatio27/unik/fish_classification/data/perch/perch_058.jpg,Perch
/Users/ignatio27/unik/fish_classification/data/zander/zander_029.jpg,Zander
/Users/ignatio27/unik/fish_classification/data/smelt/smelt_291.jpg,Smelt
/Users/ignatio27/unik/fish_classification/data/zander/zander_061.jpg,Zander
/Users/ignatio27/unik/fish_classification/data/goldfish/goldfish_043.jpg,Goldfish
/Users/ignatio27/unik/fish_classification/data/goldfish/goldfish_157.jpg,Goldfish
/Users/ignatio27/unik/fish_classification/data/zander/zander_155.jpg,Zander
/Users/ignatio27/unik/fish_classification/data/smelt/smelt_034.jpg,Smelt
/Users/ignatio27/unik/fish_classification/data/perch/perch_104.jpg,Perch
/Users/ignatio27/unik/fish_classification/data/zander/zander_085.jpg,Zander
/Users/ignatio27/unik/fish_classification/data/perch/perch_267.jpg,Perch
/Users/ignatio27/unik/fish_classification/data/zander/zander_145.jpg,Zander
/Users/ignatio27/unik/fish_classification/data/zander/zander_274.jpg,Zander
/Users/ignatio27/unik/fish_classification/data/zander/zander_082.jpg,Zander
/Users/ignatio27/unik/fish_classification/data/goldfish/goldfish_144.jpg,Goldfish
/Users/ignatio27/unik/fish_classification/data/pike/pike_190.jpg,Pike
/Users/ignatio27/unik/fish_classification/data/smelt/smelt_256.jpg,Smelt
/Users/ignatio27/unik/fish_classification/data/smelt/smelt_189.jpg,Smelt
/Users/ignatio27/unik/fish_classification/data/zander/zander_043.jpg,Zander
/Users/ignatio27/unik/fish_classification/data/zander/zander_256.jpg,Zander
/Users/ignatio27/unik/fish_classification/data/smelt/smelt_130.jpg,Smelt
/Users/ignatio27/unik/fish_classification/data/goldfish/goldfish_112.jpg,Goldfish
/Users/ignatio27/unik/fish_classification/data/pike/pike_067.jpg,Pike
/Users/ignatio27/unik/fish_classification/data/perch/perch_241.jpg,Perch
/Users/ignatio27/unik/fish_classification/data/pike/pike_211.jpg,Pike
/Users/ignatio27/unik/fish_classification/data/goldfish/goldfish_076.jpg,Goldfish
/Users/ignatio27/unik/fish_classification/data/perch/perch_008.jpg,Perch
/Users/ignatio27/unik/fish_classification/data/goldfish/goldfish_284.jpg,Goldfish
/Users/ignatio27/unik/fish_classification/data/pike/pike_267.jpg,Pike
/Users/ignatio27/unik/fish_classification/data/smelt/smelt_017.jpg,Smelt
/Users/ignatio27/unik/fish_classification/data/zander/zander_147.jpg,Zander
/Users/ignatio27/unik/fish_classification/data/zander/zander_266.jpg,Zander
/Users/ignatio27/unik/fish_classification/data/pike/pike_029.jpg,Pike
/Users/ignatio27/unik/fish_classification/data/zander/zander_282.jpg,Zander
/Users/ignatio27/unik/fish_classification/data/pike/pike_215.jpg,Pike
/Users/ignatio27/unik/fish_classification/data/zander/zander_199.jpg,Zander
/Users/ignatio27/unik/fish_classification/data/zander/zander_195.jpg,Zander
/Users/ignatio27/unik/fish_classification/data/zander/zander_012.jpg,Zander
/Users/ignatio27/unik/fish_classification/data/zander/zander_208.jpg,Zander
/Users/ignatio27/unik/fish_classification/data/smelt/smelt_093.jpg,Smelt
/Users/ignatio27/unik/fish_classification/data/perch/perch_261.jpg,Perch
/Users/ignatio27/unik/fish_classification/data/goldfish/goldfish_045.jpg,Goldfish
/Users/ignatio27/unik/fish_classification/data/goldfish/goldfish_211.jpg,Goldfish
/Users/ignatio27/unik/fish_classification/data/smelt/smelt_263.jpg,Smelt
/Users/ignatio27/unik/fish_classification/data/zander/zander_009.jpg,Zander
/Users/ignatio27/unik/fish_classification/data/pike/pike_253.jpg,Pike
/Users/ignatio27/unik/fish_classification/data/perch/perch_006.jpg,Perch
/Users/ignatio27/unik/fish_classification/data/zander/zander_239.jpg,Zander
/Users/ignatio27/unik/fish_classification/data/goldfish/goldfish_034.jpg,Goldfish
/Users/ignatio27/unik/fish_classification/data/perch/perch_131.jpg,Perch
/Users/ignatio27/unik/fish_classification/data/goldfish/goldfish_215.jpg,Goldfish
/Users/ignatio27/unik/fish_classification/data/smelt/smelt_245.jpg,Smelt
/Users/ignatio27/unik/fish_classification/data/zander/zander_004.jpg,Zander
/Users/ignatio27/unik/fish_classification/data/perch/perch_081.jpg,Perch
/Users/ignatio27/unik/fish_classification/data/perch/perch_065.jpg,Perch
/Users/ignatio27/unik/fish_classification/data/goldfish/goldfish_294.jpg,Goldfish
/Users/ignatio27/unik/fish_classification/data/perch/perch_099.jpg,Perch
/Users/ignatio27/unik/fish_classification/data/zander/zander_048.jpg,Zander
/Users/ignatio27/unik/fish_classification/data/goldfish/goldfish_273.jpg,Goldfish
/Users/ignatio27/unik/fish_classification/data/pike/pike_210.jpg,Pike
/Users/ignatio27/unik/fish_classification/data/smelt/smelt_143.jpg,Smelt
/Users/ignatio27/unik/fish_classification/data/goldfish/goldfish_069.jpg,Goldfish
/Users/ignatio27/unik/fish_classification/data/zander/zander_194.jpg,Zander
/Users/ignatio27/unik/fish_classification/data/zander/zander_094.jpg,Zander
/Users/ignatio27/unik/fish_classification/data/goldfish/goldfish_189.jpg,Goldfish
/Users/ignatio27/unik/fish_classification/data/zander/zander_159.jpg,Zander
/Users/ignatio27/unik/fish_classification/data/perch/perch_013.jpg,Perch
/Users/ignatio27/unik/fish_classification/data/goldfish/goldfish_124.jpg,Goldfish
/Users/ignatio27/unik/fish_classification/data/pike/pike_131.jpg,Pike
/Users/ignatio27/unik/fish_classification/data/zander/zander_160.jpg,Zander
/Users/ignatio27/unik/fish_classification/data/zander/zander_243.jpg,Zander
/Users/ignatio27/unik/fish_classification/data/pike/pike_205.jpg,Pike
/Users/ignatio27/unik/fish_classification/data/pike/pike_133.jpg,Pike
/Users/ignatio27/unik/fish_classification/data/smelt/smelt_159.jpg,Smelt
/Users/ignatio27/unik/fish_classification/data/smelt/smelt_242.jpg,Smelt
/Users/ignatio27/unik/fish_classification/data/goldfish/goldfish_052.jpg,Goldfish
/Users/ignatio27/unik/fish_classification/data/smelt/smelt_267.jpg,Smelt
/Users/ignatio27/unik/fish_classification/data/pike/pike_229.jpg,Pike
/Users/ignatio27/unik/fish_classification/data/goldfish/goldfish_257.jpg,Goldfish
/Users/ignatio27/unik/fish_classification/data/smelt/smelt_285.jpg,Smelt
/Users/ignatio27/unik/fish_classification/data/goldfish/goldfish_236.jpg,Goldfish
/Users/ignatio27/unik/fish_classification/data/goldfish/goldfish_141.jpg,Goldfish
/Users/ignatio27/unik/fish_classification/data/perch/perch_074.jpg,Perch
/Users/ignatio27/unik/fish_classification/data/goldfish/goldfish_033.jpg,Goldfish
/Users/ignatio27/unik/fish_classification/data/smelt/smelt_061.jpg,Smelt
/Users/ignatio27/unik/fish_classification/data/pike/pike_078.jpg,Pike
/Users/ignatio27/unik/fish_classification/data/smelt/smelt_091.jpg,Smelt
/Users/ignatio27/unik/fish_classification/data/smelt/smelt_062.jpg,Smelt
/Users/ignatio27/unik/fish_classification/data/perch/perch_127.jpg,Perch
/Users/ignatio27/unik/fish_classification/data/goldfish/goldfish_078.jpg,Goldfish
/Users/ignatio27/unik/fish_classification/data/pike/pike_022.jpg,Pike
/Users/ignatio27/unik/fish_classification/data/pike/pike_295.jpg,Pike
/Users/ignatio27/unik/fish_classification/data/smelt/smelt_150.jpg,Smelt
/Users/ignatio27/unik/fish_classification/data/goldfish/goldfish_059.jpg,Goldfish
/Users/ignatio27/unik/fish_classification/data/goldfish/goldfish_155.jpg,Goldfish
/Users/ignatio27/unik/fish_classification/data/goldfish/goldfish_227.jpg,Goldfish
/Users/ignatio27/unik/fish_classification/data/goldfish/goldfish_062.jpg,Goldfish
/Users/ignatio27/unik/fish_classification/data/perch/perch_234.jpg,Perch
/Users/ignatio27/unik/fish_classification/data/pike/pike_123.jpg,Pike
/Users/ignatio27/unik/fish_classification/data/perch/perch_061.jpg,Perch
/Users/ignatio27/unik/fish_classification/data/pike/pike_172.jpg,Pike
/Users/ignatio27/unik/fish_classification/data/perch/perch_062.jpg,Perch
/Users/ignatio27/unik/fish_classification/data/zander/zander_040.jpg,Zander
/Users/ignatio27/unik/fish_classification/data/smelt/smelt_044.jpg,Smelt
/Users/ignatio27/unik/fish_classification/data/perch/perch_086.jpg,Perch
/Users/ignatio27/unik/fish_classification/data/smelt/smelt_145.jpg,Smelt
/Users/ignatio27/unik/fish_classification/data/smelt/smelt_171.jpg,Smelt
/Users/ignatio27/unik/fish_classification/data/zander/zander_238.jpg,Zander
/Users/ignatio27/unik/fish_classification/data/goldfish/goldfish_023.jpg,Goldfish
/Users/ignatio27/unik/fish_classification/data/smelt/smelt_094.jpg,Smelt
/Users/ignatio27/unik/fish_classification/data/perch/perch_000.jpg,Perch
/Users/ignatio27/unik/fish_classification/data/zander/zander_217.jpg,Zander
/Users/ignatio27/unik/fish_classification/data/smelt/smelt_203.jpg,Smelt
/Users/ignatio27/unik/fish_classification/data/zander/zander_202.jpg,Zander
/Users/ignatio27/unik/fish_classification/data/pike/pike_240.jpg,Pike
/Users/ignatio27/unik/fish_classification/data/pike/pike_158.jpg,Pike
/Users/ignatio27/unik/fish_classification/data/zander/zander_105.jpg,Zander
/Users/ignatio27/unik/fish_classification/data/perch/perch_016.jpg,Perch
/Users/ignatio27/unik/fish_classification/data/zander/zander_187.jpg,Zander
/Users/ignatio27/unik/fish_classification/data/goldfish/goldfish_071.jpg,Goldfish
/Users/ignatio27/unik/fish_classification/data/goldfish/goldfish_042.jpg,Goldfish
/Users/ignatio27/unik/fish_classification/data/goldfish/goldfish_085.jpg,Goldfish
/Users/ignatio27/unik/fish_classification/data/zander/zander_285.jpg,Zander
/Users/ignatio27/unik/fish_classification/data/zander/zander_099.jpg,Zander
/Users/ignatio27/unik/fish_classification/data/perch/perch_230.jpg,Perch
/Users/ignatio27/unik/fish_classification/data/pike/pike_025.jpg,Pike
/Users/ignatio27/unik/fish_classification/data/zander/zander_073.jpg,Zander
/Users/ignatio27/unik/fish_classification/data/pike/pike_062.jpg,Pike
/Users/ignatio27/unik/fish_classification/data/zander/zander_087.jpg,Zander
/Users/ignatio27/unik/fish_classification/data/pike/pike_007.jpg,Pike
/Users/ignatio27/unik/fish_classification/data/smelt/smelt_026.jpg,Smelt
/Users/ignatio27/unik/fish_classification/data/smelt/smelt_209.jpg,Smelt
/Users/ignatio27/unik/fish_classification/data/perch/perch_133.jpg,Perch
/Users/ignatio27/unik/fish_classification/data/perch/perch_027.jpg,Perch
/Users/ignatio27/unik/fish_classification/data/smelt/smelt_192.jpg,Smelt
/Users/ignatio27/unik/fish_classification/data/perch/perch_268.jpg,Perch
/Users/ignatio27/unik/fish_classification/data/pike/pike_179.jpg,Pike
/Users/ignatio27/unik/fish_classification/data/perch/perch_109.jpg,Perch
/Users/ignatio27/unik/fish_classification/data/pike/pike_274.jpg,Pike
/Users/ignatio27/unik/fish_classification/data/pike/pike_268.jpg,Pike
/Users/ignatio27/unik/fish_classification/data/goldfish/goldfish_117.jpg,Goldfish
/Users/ignatio27/unik/fish_classification/data/zander/zander_089.jpg,Zander
/Users/ignatio27/unik/fish_classification/data/zander/zander_010.jpg,Zander
/Users/ignatio27/unik/fish_classification/data/pike/pike_254.jpg,Pike
/Users/ignatio27/unik/fish_classification/data/pike/pike_046.jpg,Pike
/Users/ignatio27/unik/fish_classification/data/perch/perch_044.jpg,Perch
/Users/ignatio27/unik/fish_classification/data/smelt/smelt_224.jpg,Smelt
/Users/ignatio27/unik/fish_classification/data/perch/perch_048.jpg,Perch
/Users/ignatio27/unik/fish_classification/data/smelt/smelt_177.jpg,Smelt
/Users/ignatio27/unik/fish_classification/data/perch/perch_171.jpg,Perch
/Users/ignatio27/unik/fish_classification/data/goldfish/goldfish_068.jpg,Goldfish
/Users/ignatio27/unik/fish_classification/data/perch/perch_207.jpg,Perch
/Users/ignatio27/unik/fish_classification/data/zander/zander_116.jpg,Zander
/Users/ignatio27/unik/fish_classification/data/perch/perch_233.jpg,Perch
/Users/ignatio27/unik/fish_classification/data/zander/zander_115.jpg,Zander
/Users/ignatio27/unik/fish_classification/data/pike/pike_245.jpg,Pike
/Users/ignatio27/unik/fish_classification/data/pike/pike_234.jpg,Pike
/Users/ignatio27/unik/fish_classification/data/smelt/smelt_289.jpg,Smelt
/Users/ignatio27/unik/fish_classification/data/perch/perch_297.jpg,Perch
/Users/ignatio27/unik/fish_classification/data/perch/perch_115.jpg,Perch
/Users/ignatio27/unik/fish_classification/data/pike/pike_134.jpg,Pike
/Users/ignatio27/unik/fish_classification/data/pike/pike_116.jpg,Pike
/Users/ignatio27/unik/fish_classification/data/smelt/smelt_018.jpg,Smelt
/Users/ignatio27/unik/fish_classification/data/goldfish/goldfish_200.jpg,Goldfish
/Users/ignatio27/unik/fish_classification/data/pike/pike_279.jpg,Pike
/Users/ignatio27/unik/fish_classification/data/zander/zander_229.jpg,Zander
/Users/ignatio27/unik/fish_classification/data/perch/perch_034.jpg,Perch
/Users/ignatio27/unik/fish_classification/data/zander/zander_161.jpg,Zander
/Users/ignatio27/unik/fish_classification/data/perch/perch_242.jpg,Perch
/Users/ignatio27/unik/fish_classification/data/goldfish/goldfish_093.jpg,Goldfish
/Users/ignatio27/unik/fish_classification/data/goldfish/goldfish_237.jpg,Goldfish
/Users/ignatio27/unik/fish_classification/data/zander/zander_230.jpg,Zander
/Users/ignatio27/unik/fish_classification/data/zander/zander_154.jpg,Zander
/Users/ignatio27/unik/fish_classification/data/goldfish/goldfish_296.jpg,Goldfish
/Users/ignatio27/unik/fish_classification/data/goldfish/goldfish_170.jpg,Goldfish
/Users/ignatio27/unik/fish_classification/data/pike/pike_040.jpg,Pike
/Users/ignatio27/unik/fish_classification/data/goldfish/goldfish_293.jpg,Goldfish
/Users/ignatio27/unik/fish_classification/data/smelt/smelt_284.jpg,Smelt
/Users/ignatio27/unik/fish_classification/data/goldfish/goldfish_140.jpg,Goldfish
/Users/ignatio27/unik/fish_classification/data/perch/perch_262.jpg,Perch
/Users/ignatio27/unik/fish_classification/data/perch/perch_228.jpg,Perch
/Users/ignatio27/unik/fish_classification/data/pike/pike_278.jpg,Pike
/Users/ignatio27/unik/fish_classification/data/smelt/smelt_003.jpg,Smelt
/Users/ignatio27/unik/fish_classification/data/pike/pike_285.jpg,Pike
/Users/ignatio27/unik/fish_classification/data/perch/perch_282.jpg,Perch
/Users/ignatio27/unik/fish_classification/data/perch/perch_082.jpg,Perch
/Users/ignatio27/unik/fish_classification/data/smelt/smelt_163.jpg,Smelt
/Users/ignatio27/unik/fish_classification/data/smelt/smelt_075.jpg,Smelt
/Users/ignatio27/unik/fish_classification/data/smelt/smelt_229.jpg,Smelt
/Users/ignatio27/unik/fish_classification/data/zander/zander_128.jpg,Zander
/Users/ignatio27/unik/fish_classification/data/pike/pike_076.jpg,Pike
/Users/ignatio27/unik/fish_classification/data/zander/zander_018.jpg,Zander
/Users/ignatio27/unik/fish_classification/data/smelt/smelt_188.jpg,Smelt
/Users/ignatio27/unik/fish_classification/data/perch/perch_246.jpg,Perch
/Users/ignatio27/unik/fish_classification/data/smelt/smelt_297.jpg,Smelt
/Users/ignatio27/unik/fish_classification/data/zander/zander_084.jpg,Zander
/Users/ignatio27/unik/fish_classification/data/smelt/smelt_196.jpg,Smelt
/Users/ignatio27/unik/fish_classification/data/goldfish/goldfish_161.jpg,Goldfish
/Users/ignatio27/unik/fish_classification/data/goldfish/goldfish_248.jpg,Goldfish
/Users/ignatio27/unik/fish_classification/data/goldfish/goldfish_289.jpg,Goldfish
/Users/ignatio27/unik/fish_classification/data/zander/zander_038.jpg,Zander
/Users/ignatio27/unik/fish_classification/data/goldfish/goldfish_075.jpg,Goldfish
/Users/ignatio27/unik/fish_classification/data/pike/pike_138.jpg,Pike
/Users/ignatio27/unik/fish_classification/data/perch/perch_103.jpg,Perch
/Users/ignatio27/unik/fish_classification/data/zander/zander_214.jpg,Zander
/Users/ignatio27/unik/fish_classification/data/perch/perch_075.jpg,Perch
/Users/ignatio27/unik/fish_classification/data/perch/perch_160.jpg,Perch
/Users/ignatio27/unik/fish_classification/data/smelt/smelt_092.jpg,Smelt
/Users/ignatio27/unik/fish_classification/data/smelt/smelt_007.jpg,Smelt
/Users/ignatio27/unik/fish_classification/data/zander/zander_237.jpg,Zander
/Users/ignatio27/unik/fish_classification/data/zander/zander_076.jpg,Zander
/Users/ignatio27/unik/fish_classification/data/perch/perch_221.jpg,Perch
/Users/ignatio27/unik/fish_classification/data/zander/zander_265.jpg,Zander
/Users/ignatio27/unik/fish_classification/data/goldfish/goldfish_192.jpg,Goldfish
/Users/ignatio27/unik/fish_classification/data/smelt/smelt_141.jpg,Smelt
/Users/ignatio27/unik/fish_classification/data/zander/zander_186.jpg,Zander
/Users/ignatio27/unik/fish_classification/data/zander/zander_185.jpg,Zander
/Users/ignatio27/unik/fish_classification/data/zander/zander_251.jpg,Zander
/Users/ignatio27/unik/fish_classification/data/perch/perch_050.jpg,Perch
/Users/ignatio27/unik/fish_classification/data/zander/zander_272.jpg,Zander
/Users/ignatio27/unik/fish_classification/data/perch/perch_170.jpg,Perch
/Users/ignatio27/unik/fish_classification/data/smelt/smelt_060.jpg,Smelt
/Users/ignatio27/unik/fish_classification/data/perch/perch_083.jpg,Perch
/Users/ignatio27/unik/fish_classification/data/zander/zander_168.jpg,Zander
/Users/ignatio27/unik/fish_classification/data/perch/perch_176.jpg,Perch
/Users/ignatio27/unik/fish_classification/data/goldfish/goldfish_125.jpg,Goldfish
/Users/ignatio27/unik/fish_classification/data/goldfish/goldfish_265.jpg,Goldfish
/Users/ignatio27/unik/fish_classification/data/zander/zander_091.jpg,Zander
/Users/ignatio27/unik/fish_classification/data/perch/perch_073.jpg,Perch
/Users/ignatio27/unik/fish_classification/data/perch/perch_214.jpg,Perch
/Users/ignatio27/unik/fish_classification/data/pike/pike_126.jpg,Pike
/Users/ignatio27/unik/fish_classification/data/goldfish/goldfish_047.jpg,Goldfish
/Users/ignatio27/unik/fish_classification/data/goldfish/goldfish_235.jpg,Goldfish
/Users/ignatio27/unik/fish_classification/data/goldfish/goldfish_143.jpg,Goldfish
/Users/ignatio27/unik/fish_classification/data/smelt/smelt_008.jpg,Smelt
/Users/ignatio27/unik/fish_classification/data/goldfish/goldfish_264.jpg,Goldfish
/Users/ignatio27/unik/fish_classification/data/smelt/smelt_031.jpg,Smelt
/Users/ignatio27/unik/fish_classification/data/goldfish/goldfish_009.jpg,Goldfish
/Users/ignatio27/unik/fish_classification/data/goldfish/goldfish_139.jpg,Goldfish
/Users/ignatio27/unik/fish_classification/data/smelt/smelt_207.jpg,Smelt
/Users/ignatio27/unik/fish_classification/data/goldfish/goldfish_149.jpg,Goldfish
/Users/ignatio27/unik/fish_classification/data/zander/zander_135.jpg,Zander
/Users/ignatio27/unik/fish_classification/data/smelt/smelt_173.jpg,Smelt
/Users/ignatio27/unik/fish_classification/data/perch/perch_235.jpg,Perch
/Users/ignatio27/unik/fish_classification/data/goldfish/goldfish_243.jpg,Goldfish
/Users/ignatio27/unik/fish_classification/data/zander/zander_270.jpg,Zander
/Users/ignatio27/unik/fish_classification/data/smelt/smelt_038.jpg,Smelt
/Users/ignatio27/unik/fish_classification/data/smelt/smelt_056.jpg,Smelt
/Users/ignatio27/unik/fish_classification/data/smelt/smelt_250.jpg,Smelt
/Users/ignatio27/unik/fish_classification/data/zander/zander_095.jpg,Zander
/Users/ignatio27/unik/fish_classification/data/goldfish/goldfish_163.jpg,Goldfish
/Users/ignatio27/unik/fish_classification/data/perch/perch_237.jpg,Perch
/Users/ignatio27/unik/fish_classification/data/pike/pike_248.jpg,Pike
/Users/ignatio27/unik/fish_classification/data/zander/zander_063.jpg,Zander
/Users/ignatio27/unik/fish_classification/data/zander/zander_130.jpg,Zander
/Users/ignatio27/unik/fish_classification/data/zander/zander_149.jpg,Zander
/Users/ignatio27/unik/fish_classification/data/pike/pike_084.jpg,Pike
/Users/ignatio27/unik/fish_classification/data/zander/zander_259.jpg,Zander
/Users/ignatio27/unik/fish_classification/data/pike/pike_171.jpg,Pike
/Users/ignatio27/unik/fish_classification/data/goldfish/goldfish_010.jpg,Goldfish
/Users/ignatio27/unik/fish_classification/data/smelt/smelt_118.jpg,Smelt
/Users/ignatio27/unik/fish_classification/data/perch/perch_137.jpg,Perch
/Users/ignatio27/unik/fish_classification/data/perch/perch_029.jpg,Perch
/Users/ignatio27/unik/fish_classification/data/pike/pike_069.jpg,Pike
/Users/ignatio27/unik/fish_classification/data/goldfish/goldfish_164.jpg,Goldfish
/Users/ignatio27/unik/fish_classification/data/smelt/smelt_096.jpg,Smelt
/Users/ignatio27/unik/fish_classification/data/zander/zander_025.jpg,Zander
/Users/ignatio27/unik/fish_classification/data/goldfish/goldfish_079.jpg,Goldfish
/Users/ignatio27/unik/fish_classification/data/pike/pike_057.jpg,Pike
/Users/ignatio27/unik/fish_classification/data/goldfish/goldfish_232.jpg,Goldfish
/Users/ignatio27/unik/fish_classification/data/pike/pike_111.jpg,Pike
/Users/ignatio27/unik/fish_classification/data/pike/pike_121.jpg,Pike
/Users/ignatio27/unik/fish_classification/data/perch/perch_179.jpg,Perch
/Users/ignatio27/unik/fish_classification/data/perch/perch_152.jpg,Perch
/Users/ignatio27/unik/fish_classification/data/perch/perch_196.jpg,Perch
/Users/ignatio27/unik/fish_classification/data/perch/perch_270.jpg,Perch
/Users/ignatio27/unik/fish_classification/data/goldfish/goldfish_014.jpg,Goldfish
/Users/ignatio27/unik/fish_classification/data/smelt/smelt_202.jpg,Smelt
/Users/ignatio27/unik/fish_classification/data/smelt/smelt_055.jpg,Smelt
/Users/ignatio27/unik/fish_classification/data/goldfish/goldfish_142.jpg,Goldfish
/Users/ignatio27/unik/fish_classification/data/zander/zander_034.jpg,Zander
/Users/ignatio27/unik/fish_classification/data/smelt/smelt_221.jpg,Smelt
/Users/ignatio27/unik/fish_classification/data/perch/perch_209.jpg,Perch
/Users/ignatio27/unik/fish_classification/data/perch/perch_243.jpg,Perch
/Users/ignatio27/unik/fish_classification/data/goldfish/goldfish_024.jpg,Goldfish
/Users/ignatio27/unik/fish_classification/data/pike/pike_058.jpg,Pike
/Users/ignatio27/unik/fish_classification/data/smelt/smelt_166.jpg,Smelt
/Users/ignatio27/unik/fish_classification/data/smelt/smelt_193.jpg,Smelt
/Users/ignatio27/unik/fish_classification/data/zander/zander_211.jpg,Zander
/Users/ignatio27/unik/fish_classification/data/smelt/smelt_213.jpg,Smelt
/Users/ignatio27/unik/fish_classification/data/perch/perch_199.jpg,Perch
/Users/ignatio27/unik/fish_classification/data/perch/perch_035.jpg,Perch
/Users/ignatio27/unik/fish_classification/data/zander/zander_008.jpg,Zander
/Users/ignatio27/unik/fish_classification/data/goldfish/goldfish_126.jpg,Goldfish
/Users/ignatio27/unik/fish_classification/data/smelt/smelt_125.jpg,Smelt
/Users/ignatio27/unik/fish_classification/data/goldfish/goldfish_286.jpg,Goldfish
/Users/ignatio27/unik/fish_classification/data/smelt/smelt_020.jpg,Smelt
/Users/ignatio27/unik/fish_classification/data/pike/pike_049.jpg,Pike
/Users/ignatio27/unik/fish_classification/data/perch/perch_126.jpg,Perch
/Users/ignatio27/unik/fish_classification/data/pike/pike_207.jpg,Pike
/Users/ignatio27/unik/fish_classification/data/zander/zander_216.jpg,Zander
/Users/ignatio27/unik/fish_classification/data/zander/zander_001.jpg,Zander
/Users/ignatio27/unik/fish_classification/data/smelt/smelt_052.jpg,Smelt
/Users/ignatio27/unik/fish_classification/data/goldfish/goldfish_298.jpg,Goldfish
/Users/ignatio27/unik/fish_classification/data/pike/pike_186.jpg,Pike
/Users/ignatio27/unik/fish_classification/data/smelt/smelt_187.jpg,Smelt
/Users/ignatio27/unik/fish_classification/data/goldfish/goldfish_094.jpg,Goldfish
/Users/ignatio27/unik/fish_classification/data/pike/pike_147.jpg,Pike
/Users/ignatio27/unik/fish_classification/data/pike/pike_118.jpg,Pike
/Users/ignatio27/unik/fish_classification/data/perch/perch_165.jpg,Perch
/Users/ignatio27/unik/fish_classification/data/pike/pike_132.jpg,Pike
/Users/ignatio27/unik/fish_classification/data/smelt/smelt_108.jpg,Smelt
/Users/ignatio27/unik/fish_classification/data/zander/zander_278.jpg,Zander
/Users/ignatio27/unik/fish_classification/data/goldfish/goldfish_267.jpg,Goldfish
/Users/ignatio27/unik/fish_classification/data/pike/pike_262.jpg,Pike
/Users/ignatio27/unik/fish_classification/data/zander/zander_179.jpg,Zander
/Users/ignatio27/unik/fish_classification/data/goldfish/goldfish_031.jpg,Goldfish
/Users/ignatio27/unik/fish_classification/data/pike/pike_100.jpg,Pike
/Users/ignatio27/unik/fish_classification/data/zander/zander_002.jpg,Zander
/Users/ignatio27/unik/fish_classification/data/smelt/smelt_065.jpg,Smelt
/Users/ignatio27/unik/fish_classification/data/zander/zander_129.jpg,Zander
/Users/ignatio27/unik/fish_classification/data/smelt/smelt_270.jpg,Smelt
/Users/ignatio27/unik/fish_classification/data/smelt/smelt_212.jpg,Smelt
/Users/ignatio27/unik/fish_classification/data/goldfish/goldfish_066.jpg,Goldfish
/Users/ignatio27/unik/fish_classification/data/goldfish/goldfish_224.jpg,Goldfish
/Users/ignatio27/unik/fish_classification/data/pike/pike_115.jpg,Pike
/Users/ignatio27/unik/fish_classification/data/zander/zander_203.jpg,Zander
/Users/ignatio27/unik/fish_classification/data/perch/perch_247.jpg,Perch
/Users/ignatio27/unik/fish_classification/data/pike/pike_122.jpg,Pike
/Users/ignatio27/unik/fish_classification/data/perch/perch_026.jpg,Perch
/Users/ignatio27/unik/fish_classification/data/pike/pike_077.jpg,Pike
/Users/ignatio27/unik/fish_classification/data/smelt/smelt_272.jpg,Smelt
/Users/ignatio27/unik/fish_classification/data/smelt/smelt_154.jpg,Smelt
/Users/ignatio27/unik/fish_classification/data/zander/zander_227.jpg,Zander
/Users/ignatio27/unik/fish_classification/data/perch/perch_263.jpg,Perch
/Users/ignatio27/unik/fish_classification/data/goldfish/goldfish_039.jpg,Goldfish
/Users/ignatio27/unik/fish_classification/data/pike/pike_238.jpg,Pike
/Users/ignatio27/unik/fish_classification/data/pike/pike_181.jpg,Pike
/Users/ignatio27/unik/fish_classification/data/smelt/smelt_266.jpg,Smelt
/Users/ignatio27/unik/fish_classification/data/perch/perch_208.jpg,Perch
/Users/ignatio27/unik/fish_classification/data/smelt/smelt_106.jpg,Smelt
/Users/ignatio27/unik/fish_classification/data/pike/pike_272.jpg,Pike
/Users/ignatio27/unik/fish_classification/data/zander/zander_011.jpg,Zander
/Users/ignatio27/unik/fish_classification/data/zander/zander_039.jpg,Zander
/Users/ignatio27/unik/fish_classification/data/goldfish/goldfish_216.jpg,Goldfish
/Users/ignatio27/unik/fish_classification/data/zander/zander_181.jpg,Zander
/Users/ignatio27/unik/fish_classification/data/goldfish/goldfish_057.jpg,Goldfish
/Users/ignatio27/unik/fish_classification/data/smelt/smelt_022.jpg,Smelt
/Users/ignatio27/unik/fish_classification/data/goldfish/goldfish_160.jpg,Goldfish
/Users/ignatio27/unik/fish_classification/data/goldfish/goldfish_292.jpg,Goldfish
/Users/ignatio27/unik/fish_classification/data/smelt/smelt_233.jpg,Smelt
/Users/ignatio27/unik/fish_classification/data/perch/perch_236.jpg,Perch
/Users/ignatio27/unik/fish_classification/data/goldfish/goldfish_060.jpg,Goldfish
/Users/ignatio27/unik/fish_classification/data/pike/pike_050.jpg,Pike
/Users/ignatio27/unik/fish_classification/data/perch/perch_030.jpg,Perch
/Users/ignatio27/unik/fish_classification/data/goldfish/goldfish_096.jpg,Goldfish
/Users/ignatio27/unik/fish_classification/data/pike/pike_001.jpg,Pike
/Users/ignatio27/unik/fish_classification/data/zander/zander_103.jpg,Zander
/Users/ignatio27/unik/fish_classification/data/zander/zander_101.jpg,Zander
/Users/ignatio27/unik/fish_classification/data/pike/pike_071.jpg,Pike
/Users/ignatio27/unik/fish_classification/data/pike/pike_263.jpg,Pike
/Users/ignatio27/unik/fish_classification/data/pike/pike_124.jpg,Pike
/Users/ignatio27/unik/fish_classification/data/pike/pike_087.jpg,Pike
/Users/ignatio27/unik/fish_classification/data/pike/pike_151.jpg,Pike
/Users/ignatio27/unik/fish_classification/data/goldfish/goldfish_103.jpg,Goldfish
/Users/ignatio27/unik/fish_classification/data/smelt/smelt_109.jpg,Smelt
/Users/ignatio27/unik/fish_classification/data/goldfish/goldfish_105.jpg,Goldfish
/Users/ignatio27/unik/fish_classification/data/goldfish/goldfish_026.jpg,Goldfish
/Users/ignatio27/unik/fish_classification/data/zander/zander_060.jpg,Zander
/Users/ignatio27/unik/fish_classification/data/pike/pike_266.jpg,Pike
/Users/ignatio27/unik/fish_classification/data/perch/perch_147.jpg,Perch
/Users/ignatio27/unik/fish_classification/data/perch/perch_215.jpg,Perch
/Users/ignatio27/unik/fish_classification/data/smelt/smelt_249.jpg,Smelt
/Users/ignatio27/unik/fish_classification/data/smelt/smelt_287.jpg,Smelt
/Users/ignatio27/unik/fish_classification/data/smelt/smelt_121.jpg,Smelt
/Users/ignatio27/unik/fish_classification/data/perch/perch_269.jpg,Perch
/Users/ignatio27/unik/fish_classification/data/smelt/smelt_253.jpg,Smelt
/Users/ignatio27/unik/fish_classification/data/smelt/smelt_208.jpg,Smelt
/Users/ignatio27/unik/fish_classification/data/perch/perch_180.jpg,Perch
/Users/ignatio27/unik/fish_classification/data/perch/perch_213.jpg,Perch
/Users/ignatio27/unik/fish_classification/data/goldfish/goldfish_145.jpg,Goldfish
/Users/ignatio27/unik/fish_classification/data/goldfish/goldfish_182.jpg,Goldfish
/Users/ignatio27/unik/fish_classification/data/pike/pike_160.jpg,Pike
/Users/ignatio27/unik/fish_classification/data/goldfish/goldfish_177.jpg,Goldfish
/Users/ignatio27/unik/fish_classification/data/smelt/smelt_152.jpg,Smelt
/Users/ignatio27/unik/fish_classification/data/zander/zander_288.jpg,Zander
/Users/ignatio27/unik/fish_classification/data/perch/perch_271.jpg,Perch
/Users/ignatio27/unik/fish_classification/data/zander/zander_289.jpg,Zander
/Users/ignatio27/unik/fish_classification/data/zander/zander_290.jpg,Zander
/Users/ignatio27/unik/fish_classification/data/goldfish/goldfish_187.jpg,Goldfish
/Users/ignatio27/unik/fish_classification/data/smelt/smelt_275.jpg,Smelt
/Users/ignatio27/unik/fish_classification/data/perch/perch_098.jpg,Perch
/Users/ignatio27/unik/fish_classification/data/perch/perch_195.jpg,Perch
/Users/ignatio27/unik/fish_classification/data/pike/pike_079.jpg,Pike
/Users/ignatio27/unik/fish_classification/data/zander/zander_097.jpg,Zander
/Users/ignatio27/unik/fish_classification/data/goldfish/goldfish_072.jpg,Goldfish
/Users/ignatio27/unik/fish_classification/data/perch/perch_111.jpg,Perch
/Users/ignatio27/unik/fish_classification/data/zander/zander_122.jpg,Zander
/Users/ignatio27/unik/fish_classification/data/perch/perch_066.jpg,Perch
/Users/ignatio27/unik/fish_classification/data/perch/perch_136.jpg,Perch
/Users/ignatio27/unik/fish_classification/data/pike/pike_175.jpg,Pike
/Users/ignatio27/unik/fish_classification/data/perch/perch_226.jpg,Perch
/Users/ignatio27/unik/fish_classification/data/smelt/smelt_137.jpg,Smelt
/Users/ignatio27/unik/fish_classification/data/zander/zander_081.jpg,Zander
/Users/ignatio27/unik/fish_classification/data/zander/zander_197.jpg,Zander
/Users/ignatio27/unik/fish_classification/data/pike/pike_177.jpg,Pike
/Users/ignatio27/unik/fish_classification/data/pike/pike_244.jpg,Pike
/Users/ignatio27/unik/fish_classification/data/perch/perch_193.jpg,Perch
/Users/ignatio27/unik/fish_classification/data/pike/pike_271.jpg,Pike
/Users/ignatio27/unik/fish_classification/data/perch/perch_202.jpg,Perch
/Users/ignatio27/unik/fish_classification/data/smelt/smelt_283.jpg,Smelt
/Users/ignatio27/unik/fish_classification/data/perch/perch_080.jpg,Perch
/Users/ignatio27/unik/fish_classification/data/zander/zander_171.jpg,Zander
/Users/ignatio27/unik/fish_classification/data/pike/pike_117.jpg,Pike
/Users/ignatio27/unik/fish_classification/data/zander/zander_142.jpg,Zander
/Users/ignatio27/unik/fish_classification/data/zander/zander_146.jpg,Zander
/Users/ignatio27/unik/fish_classification/data/perch/perch_150.jpg,Perch
/Users/ignatio27/unik/fish_classification/data/perch/perch_101.jpg,Perch
/Users/ignatio27/unik/fish_classification/data/goldfish/goldfish_254.jpg,Goldfish
/Users/ignatio27/unik/fish_classification/data/perch/perch_148.jpg,Perch
/Users/ignatio27/unik/fish_classification/data/goldfish/goldfish_173.jpg,Goldfish
/Users/ignatio27/unik/fish_classification/data/zander/zander_017.jpg,Zander
/Users/ignatio27/unik/fish_classification/data/goldfish/goldfish_077.jpg,Goldfish
/Users/ignatio27/unik/fish_classification/data/pike/pike_096.jpg,Pike
/Users/ignatio27/unik/fish_classification/data/zander/zander_255.jpg,Zander
/Users/ignatio27/unik/fish_classification/data/perch/perch_024.jpg,Perch
/Users/ignatio27/unik/fish_classification/data/pike/pike_194.jpg,Pike
/Users/ignatio27/unik/fish_classification/data/pike/pike_292.jpg,Pike
/Users/ignatio27/unik/fish_classification/data/smelt/smelt_014.jpg,Smelt
/Users/ignatio27/unik/fish_classification/data/perch/perch_245.jpg,Perch
/Users/ignatio27/unik/fish_classification/data/zander/zander_144.jpg,Zander
/Users/ignatio27/unik/fish_classification/data/goldfish/goldfish_146.jpg,Goldfish
/Users/ignatio27/unik/fish_classification/data/zander/zander_275.jpg,Zander
/Users/ignatio27/unik/fish_classification/data/pike/pike_276.jpg,Pike
/Users/ignatio27/unik/fish_classification/data/smelt/smelt_299.jpg,Smelt
/Users/ignatio27/unik/fish_classification/data/pike/pike_027.jpg,Pike
/Users/ignatio27/unik/fish_classification/data/zander/zander_260.jpg,Zander
/Users/ignatio27/unik/fish_classification/data/smelt/smelt_095.jpg,Smelt
/Users/ignatio27/unik/fish_classification/data/perch/perch_181.jpg,Perch
/Users/ignatio27/unik/fish_classification/data/pike/pike_004.jpg,Pike
/Users/ignatio27/unik/fish_classification/data/pike/pike_013.jpg,Pike
/Users/ignatio27/unik/fish_classification/data/goldfish/goldfish_110.jpg,Goldfish
/Users/ignatio27/unik/fish_classification/data/smelt/smelt_175.jpg,Smelt
/Users/ignatio27/unik/fish_classification/data/smelt/smelt_234.jpg,Smelt
/Users/ignatio27/unik/fish_classification/data/zander/zander_051.jpg,Zander
/Users/ignatio27/unik/fish_classification/data/smelt/smelt_013.jpg,Smelt
/Users/ignatio27/unik/fish_classification/data/goldfish/goldfish_190.jpg,Goldfish
/Users/ignatio27/unik/fish_classification/data/goldfish/goldfish_222.jpg,Goldfish
/Users/ignatio27/unik/fish_classification/data/smelt/smelt_138.jpg,Smelt
/Users/ignatio27/unik/fish_classification/data/pike/pike_034.jpg,Pike
/Users/ignatio27/unik/fish_classification/data/smelt/smelt_179.jpg,Smelt
/Users/ignatio27/unik/fish_classification/data/goldfish/goldfish_261.jpg,Goldfish
/Users/ignatio27/unik/fish_classification/data/perch/perch_240.jpg,Perch
/Users/ignatio27/unik/fish_classification/data/zander/zander_262.jpg,Zander
/Users/ignatio27/unik/fish_classification/data/smelt/smelt_278.jpg,Smelt
/Users/ignatio27/unik/fish_classification/data/perch/perch_210.jpg,Perch
/Users/ignatio27/unik/fish_classification/data/pike/pike_232.jpg,Pike
/Users/ignatio27/unik/fish_classification/data/perch/perch_028.jpg,Perch
/Users/ignatio27/unik/fish_classification/data/zander/zander_169.jpg,Zander
/Users/ignatio27/unik/fish_classification/data/smelt/smelt_218.jpg,Smelt
/Users/ignatio27/unik/fish_classification/data/smelt/smelt_124.jpg,Smelt
/Users/ignatio27/unik/fish_classification/data/zander/zander_269.jpg,Zander
/Users/ignatio27/unik/fish_classification/data/pike/pike_289.jpg,Pike
/Users/ignatio27/unik/fish_classification/data/perch/perch_284.jpg,Perch
/Users/ignatio27/unik/fish_classification/data/goldfish/goldfish_162.jpg,Goldfish
/Users/ignatio27/unik/fish_classification/data/goldfish/goldfish_108.jpg,Goldfish
/Users/ignatio27/unik/fish_classification/data/perch/perch_014.jpg,Perch
/Users/ignatio27/unik/fish_classification/data/goldfish/goldfish_000.jpg,Goldfish
/Users/ignatio27/unik/fish_classification/data/zander/zander_112.jpg,Zander
/Users/ignatio27/unik/fish_classification/data/perch/perch_017.jpg,Perch
/Users/ignatio27/unik/fish_classification/data/perch/perch_225.jpg,Perch
/Users/ignatio27/unik/fish_classification/data/smelt/smelt_260.jpg,Smelt
/Users/ignatio27/unik/fish_classification/data/zander/zander_207.jpg,Zander
/Users/ignatio27/unik/fish_classification/data/zander/zander_204.jpg,Zander
/Users/ignatio27/unik/fish_classification/data/zander/zander_172.jpg,Zander
/Users/ignatio27/unik/fish_classification/data/zander/zander_192.jpg,Zander
/Users/ignatio27/unik/fish_classification/data/zander/zander_298.jpg,Zander
/Users/ignatio27/unik/fish_classification/data/pike/pike_143.jpg,Pike
/Users/ignatio27/unik/fish_classification/data/perch/perch_158.jpg,Perch
/Users/ignatio27/unik/fish_classification/data/smelt/smelt_067.jpg,Smelt
/Users/ignatio27/unik/fish_classification/data/goldfish/goldfish_291.jpg,Goldfish
/Users/ignatio27/unik/fish_classification/data/perch/perch_149.jpg,Perch
/Users/ignatio27/unik/fish_classification/data/perch/perch_043.jpg,Perch
/Users/ignatio27/unik/fish_classification/data/perch/perch_178.jpg,Perch
/Users/ignatio27/unik/fish_classification/data/perch/perch_037.jpg,Perch
/Users/ignatio27/unik/fish_classification/data/zander/zander_267.jpg,Zander
/Users/ignatio27/unik/fish_classification/data/goldfish/goldfish_050.jpg,Goldfish
/Users/ignatio27/unik/fish_classification/data/pike/pike_104.jpg,Pike
/Users/ignatio27/unik/fish_classification/data/zander/zander_020.jpg,Zander
/Users/ignatio27/unik/fish_classification/data/zander/zander_225.jpg,Zander
/Users/ignatio27/unik/fish_classification/data/smelt/smelt_155.jpg,Smelt
/Users/ignatio27/unik/fish_classification/data/zander/zander_037.jpg,Zander
/Users/ignatio27/unik/fish_classification/data/smelt/smelt_025.jpg,Smelt
/Users/ignatio27/unik/fish_classification/data/perch/perch_124.jpg,Perch
/Users/ignatio27/unik/fish_classification/data/goldfish/goldfish_259.jpg,Goldfish
/Users/ignatio27/unik/fish_classification/data/pike/pike_015.jpg,Pike
/Users/ignatio27/unik/fish_classification/data/zander/zander_021.jpg,Zander
/Users/ignatio27/unik/fish_classification/data/pike/pike_204.jpg,Pike
/Users/ignatio27/unik/fish_classification/data/goldfish/goldfish_285.jpg,Goldfish
/Users/ignatio27/unik/fish_classification/data/zander/zander_286.jpg,Zander
/Users/ignatio27/unik/fish_classification/data/perch/perch_144.jpg,Perch
/Users/ignatio27/unik/fish_classification/data/perch/perch_218.jpg,Perch
/Users/ignatio27/unik/fish_classification/data/goldfish/goldfish_205.jpg,Goldfish
/Users/ignatio27/unik/fish_classification/data/zander/zander_280.jpg,Zander
/Users/ignatio27/unik/fish_classification/data/goldfish/goldfish_147.jpg,Goldfish
/Users/ignatio27/unik/fish_classification/data/zander/zander_072.jpg,Zander
/Users/ignatio27/unik/fish_classification/data/zander/zander_247.jpg,Zander
/Users/ignatio27/unik/fish_classification/data/zander/zander_088.jpg,Zander
/Users/ignatio27/unik/fish_classification/data/perch/perch_249.jpg,Perch
/Users/ignatio27/unik/fish_classification/data/perch/perch_244.jpg,Perch
/Users/ignatio27/unik/fish_classification/data/pike/pike_014.jpg,Pike
/Users/ignatio27/unik/fish_classification/data/goldfish/goldfish_038.jpg,Goldfish
/Users/ignatio27/unik/fish_classification/data/pike/pike_113.jpg,Pike
/Users/ignatio27/unik/fish_classification/data/pike/pike_148.jpg,Pike
/Users/ignatio27/unik/fish_classification/data/goldfish/goldfish_128.jpg,Goldfish
/Users/ignatio27/unik/fish_classification/data/perch/perch_286.jpg,Perch
/Users/ignatio27/unik/fish_classification/data/smelt/smelt_019.jpg,Smelt
/Users/ignatio27/unik/fish_classification/data/zander/zander_100.jpg,Zander
/Users/ignatio27/unik/fish_classification/data/zander/zander_016.jpg,Zander
/Users/ignatio27/unik/fish_classification/data/smelt/smelt_235.jpg,Smelt
/Users/ignatio27/unik/fish_classification/data/zander/zander_131.jpg,Zander
/Users/ignatio27/unik/fish_classification/data/pike/pike_273.jpg,Pike
/Users/ignatio27/unik/fish_classification/data/perch/perch_060.jpg,Perch
/Users/ignatio27/unik/fish_classification/data/zander/zander_162.jpg,Zander
/Users/ignatio27/unik/fish_classification/data/smelt/smelt_262.jpg,Smelt
/Users/ignatio27/unik/fish_classification/data/goldfish/goldfish_167.jpg,Goldfish
/Users/ignatio27/unik/fish_classification/data/goldfish/goldfish_185.jpg,Goldfish
/Users/ignatio27/unik/fish_classification/data/perch/perch_273.jpg,Perch
/Users/ignatio27/unik/fish_classification/data/goldfish/goldfish_274.jpg,Goldfish
/Users/ignatio27/unik/fish_classification/data/zander/zander_098.jpg,Zander
/Users/ignatio27/unik/fish_classification/data/smelt/smelt_160.jpg,Smelt
/Users/ignatio27/unik/fish_classification/data/perch/perch_289.jpg,Perch
/Users/ignatio27/unik/fish_classification/data/smelt/smelt_112.jpg,Smelt
/Users/ignatio27/unik/fish_classification/data/smelt/smelt_205.jpg,Smelt
/Users/ignatio27/unik/fish_classification/data/goldfish/goldfish_212.jpg,Goldfish
/Users/ignatio27/unik/fish_classification/data/perch/perch_051.jpg,Perch
/Users/ignatio27/unik/fish_classification/data/pike/pike_064.jpg,Pike
/Users/ignatio27/unik/fish_classification/data/smelt/smelt_290.jpg,Smelt
/Users/ignatio27/unik/fish_classification/data/zander/zander_102.jpg,Zander
/Users/ignatio27/unik/fish_classification/data/perch/perch_052.jpg,Perch
/Users/ignatio27/unik/fish_classification/data/smelt/smelt_241.jpg,Smelt
/Users/ignatio27/unik/fish_classification/data/perch/perch_156.jpg,Perch
/Users/ignatio27/unik/fish_classification/data/zander/zander_013.jpg,Zander
